rp12345, 123 River Rd - San Antonio - TX, 350900, 400, 4, 3
cp54321, 23412 Hill St - San Antonio - TX,  1500000, industrial, 1, 10
rp67890, 34 Deer Ct - San Antonio - TX, 100000, 0, 1, 1
rp09876, 109 Medina St - Boerne - TX, 249000, 0, 2, 3
cp32145, 9867 Bend St - Selma - TX, 190000, office districts, 2, 15
rp32145, 223 River Rd - San Antonio - TX, 270000, 500, 3, 2.5
rp87690, 435 Bee Rd - San Antonio - TX, 3505000, 0, 10, 7
cp90876, 123 Factory Dr - San Antonio - TX, 350000,  office districts, 1, 12
